UTC (ms),CNN Confidence,CNN Bearing,Confidence (Filtered),Bearing (Filtered),Drone Detected
1628692898299,0.027091503,305,0.027091503143310547,45.0,0.0
1628692898843,0.026199818,300,0.026645660400390625,45.0,0.0
1628692899045,0.0015617907,154,0.01828437050183614,45.0,0.0
1628692899215,0.0005464256,157,0.013849884271621704,45.0,0.0
1628692899377,0.043854266,310,0.01985076069831848,45.0,0.0
1628692899526,0.05754298,240,0.026132797201474506,45.0,0.0
1628692899686,0.14287737,2,0.04281059333256313,45.0,0.0
1628692899838,0.0038597584,30,0.037941738963127136,45.0,0.0
1628692899978,0.08456656,298,0.04312227500809564,45.0,0.0
1628692900117,0.014295191,279,0.04023956656455994,45.0,0.0
1628692900256,0.14293158,241,0.049575204199010674,45.0,0.0
1628692900390,0.13158303,176,0.05640919009844462,45.0,0.0
1628692900522,0.16934586,53,0.06509662591494046,45.0,0.0
1628692900657,0.0023998916,347,0.06061828775065286,45.0,0.0
1628692900797,0.0016167462,303,0.05668485164642334,45.0,0.0
1628692900923,0.053657353,64,0.056495632976293564,45.0,0.0
1628692901057,0.2786255,117,0.0695620950530557,45.0,0.0
1628692901188,0.1402503,359,0.07348921729458703,45.0,0.0
1628692901322,0.12859371,115,0.07638945391303614,45.0,0.0
1628692901455,0.01385054,234,0.07326250821352005,45.0,0.0
1628692901584,0.010402381,301,0.0702691688424065,45.0,0.0
1628692901713,0.0060002506,59,0.06734785437583923,45.0,0.0
1628692901845,0.0032131672,284,0.06455938971560934,45.0,0.0
1628692901971,0.08884236,306,0.06557118023435275,45.0,0.0
1628692902099,0.018880606,59,0.06370355725288392,45.0,0.0
1628692902229,0.11968449,356,0.06585666995782119,45.0,0.0
1628692902356,0.021225572,240,0.06420366631613837,45.0,0.0
1628692902482,0.22433671,233,0.06992270371743611,45.0,0.0
1628692902611,0.025678247,115,0.06839703280350258,45.0,0.0
1628692902744,0.0044489205,233,0.06626542905966441,45.0,0.0
1628692902874,0.014252275,314,0.0658374547958374,45.0,0.0
1628692903003,0.0071430504,300,0.06520222922166188,45.0,0.0
1628692903134,0.0065519214,260,0.06536856691042582,45.0,0.0
1628692903262,0.08415243,179,0.06815543373425802,45.0,0.0
1628692903386,0.014665693,5,0.06718248128890991,45.0,0.0
1628692903513,0.005919844,278,0.06546171009540558,45.0,0.0
1628692903652,0.06906137,300,0.06300117671489716,45.0,0.0
1628692903780,0.0017159283,284,0.0629297157128652,45.0,0.0
1628692903905,0.04967159,139,0.061766549944877625,45.0,0.0
1628692904033,0.03254503,234,0.0623748779296875,45.0,0.0
1628692904162,0.0079316795,181,0.057874881227811176,45.0,0.0
1628692904289,0.039975226,182,0.0548212875922521,45.0,0.0
1628692904414,0.052175254,204,0.05091560085614522,45.0,0.0
1628692904545,0.022446692,164,0.051583827535311384,45.0,0.0
1628692904679,0.15669167,240,0.056752991676330564,45.0,0.0
1628692904820,0.0006852448,151,0.05498725473880768,45.0,0.0
1628692904957,0.14529714,3,0.05054297645886739,45.0,0.0
1628692905094,0.0021699965,31,0.04594029982884725,45.0,0.0
1628692905229,0.016690552,303,0.04221019446849823,45.0,0.0
1628692905366,0.0770317,241,0.044316233197848005,45.0,0.0
1628692905496,0.034009606,234,0.04510314067204793,45.0,0.0
1628692905629,0.056997567,294,0.04680305123329163,45.0,0.0
1628692905760,0.06822944,4,0.04897026022275289,45.0,0.0
1628692905899,0.026980191,64,0.04690818786621094,45.0,0.0
1628692906028,0.2334221,0,0.054059571027755736,45.0,0.0
1628692906159,0.82716274,357,0.07764217952887217,45.0,0.0
1628692906312,0.6850903,358,0.09977100392182668,358.0930536819897,0.0
1628692906462,0.7240998,358,0.11642977396647135,358.0791407080104,0.0
1628692906615,0.49252796,0,0.1319914311170578,358.0696772502796,0.0
1628692906760,0.52824455,2,0.14945128560066223,358.61524181797915,0.0
1628692906902,0.14415449,0,0.1537813593943914,359.3478823700932,0.0
1628692907040,0.5445682,173,0.1716955304145813,359.38749749207375,0.0
1628692907174,0.23057938,301,0.17916311224301656,359.42717103715336,0.0
1628692907310,0.73914146,353,0.2009960800409317,359.46689535888436,0.0
1628692907454,0.40463358,356,0.21399500966072083,359.50666346500054,0.0
1628692907603,0.036983788,359,0.21503047446409862,358.8152700956357,0.0
1628692907732,0.80250573,354,0.23947861989339192,358.84226163763554,1.0
1628692907875,0.7251035,351,0.263591538866361,357.9351853066007,1.0
1628692908014,0.09771004,195,0.2651928206284841,356.7583003055823,1.0
1628692908159,0.18315381,62,0.27021311322848,356.7421630557277,1.0
1628692908286,0.28239024,356,0.2793617318073908,356.7283919093491,1.0
1628692908414,0.008177429,356,0.27830180525779724,356.7168611161192,1.0
1628692908541,0.10774699,355,0.28015419642130535,356.7074534043542,1.0
1628692908665,0.01415813,358,0.279877911011378,356.70005927968526,1.0
1628692908788,0.010764927,0,0.27501368621985117,356.6945763921239,1.0
1628692908917,0.10467005,357,0.2784798463185628,356.69090896387445,1.0
1628692909046,0.8878521,350,0.30323167741298673,356.6889672712069,1.0
1628692909177,0.8454474,349,0.33134092489878336,356.6886671745301,1.0
1628692909311,0.4614973,350,0.3461678167184194,354.6466084667362,1.0
1628692909458,0.8519806,349,0.3719994475444158,353.5343341862506,1.0
1628692909600,0.45154607,352,0.38591732978820803,352.5493470636139,1.0
1628692909742,0.012035966,351,0.3844186097383499,352.3300110121996,1.0
1628692909872,0.5325174,350,0.3998948742945989,352.2119850804653,1.0
1628692910009,0.77919877,351,0.42496882677078246,351.7152498828871,1.0
1628692910153,0.2977643,349,0.4271135667959849,351.4660230874188,1.0
1628692910283,0.038540214,352,0.4008261491854986,351.3366675599301,1.0
1628692910409,0.21349418,354,0.38510627845923107,351.211377020543,1.0
1628692910537,0.0659492,353,0.3631679246822993,351.0900640003103,1.0
1628692910670,0.6151005,348,0.3672536760568619,350.972643052998,1.0
1628692910814,0.46008575,352,0.36498171587785083,350.26101014127295,1.0
1628692910945,0.2728523,357,0.3692716429630915,350.43524722545294,1.0
1628692911078,0.27147347,346,0.36016848584016165,350.31075089030696,1.0
1628692911203,0.44463754,348,0.36730375786622366,350.18973481452326,1.0
1628692911328,0.048006892,3,0.3442659387985865,349.63949025514216,1.0
1628692911470,0.14789006,245,0.33570782144864403,349.5078996463147,1.0
1628692911595,0.066969365,351,0.33670734067757924,349.37965496746875,1.0
1628692911723,0.47618642,345,0.32583003044128417,349.2547178089126,1.0
1628692911852,0.107162595,346,0.30523200035095216,349.13304986034547,1.0
1628692911978,0.23462874,347,0.30979595681031546,349.0146129292566,1.0
1628692912106,0.43525368,346,0.31819928586483004,348.8993689582331,1.0
1628692912249,0.17664114,234,0.31467431584994,348.03448504635946,1.0
1628692912377,0.20484173,342,0.32122979263464607,347.8935981315627,1.0
1628692912522,0.23116839,344,0.3253438393274943,347.7558288975131,1.0
1628692912648,0.2665088,81,0.3337555279334386,347.62115500403877,1.0
1628692912774,0.12507784,340,0.33756595849990845,347.48955381051286,1.0
1628692912897,0.025933087,279,0.3349413931369781,347.36100239736203,1.0
1628692913025,0.30724847,303,0.31558793981870015,347.2354775868659,1.0
1628692913156,0.54391485,337,0.30553685426712035,347.1129559632544,1.0
1628692913284,0.6142546,339,0.3106287638346354,346.99341389211355,1.0
1628692913423,0.5479957,336,0.3004959324995677,343.931525717975,1.0
1628692913564,0.017731726,1,0.28603545427322385,341.4361100922447,1.0
1628692913715,0.09496501,78,0.2887997557719549,341.1218540237348,1.0
1628692913842,0.067953914,234,0.27331430713335675,340.810836232202,1.0
1628692913977,0.020017564,293,0.24800826708475748,340.5030797435118,1.0
1628692914100,0.100696295,56,0.24143933355808259,340.19860602846467,1.0
1628692914225,0.0643616,356,0.24230004648367565,339.89743502691175,1.0
1628692914362,0.3513441,320,0.24689504404862722,339.5995851730762,1.0
1628692914489,0.62656134,336,0.26558211545149485,339.30507342198064,1.0
1628692914618,0.1636937,335,0.2505352218945821,339.01391527688617,1.0
1628692914747,0.28369185,239,0.2446554253498713,338.72612481764827,1.0
1628692914890,0.03075394,300,0.23658547997474672,338.4417147298974,1.0
1628692915015,0.5456059,321,0.24572322765986124,338.16069633495397,1.0
1628692915145,0.40864226,334,0.24452338516712188,337.88307962039056,1.0
1628692915285,0.1573134,329,0.24816693564256032,337.6088732711556,1.0
1628692915410,0.5910648,331,0.2629394272963206,337.3380847011768,1.0
1628692915535,0.5302941,329,0.2783835858106613,334.0390417891018,1.0
1628692915670,0.46420607,327,0.2779842406511307,331.97420620880035,1.0
1628692915803,0.65722036,328,0.29631949961185455,330.1890056784384,1.0
1628692915944,0.21261358,331,0.2955856611331304,329.20419253795586,1.0
1628692916089,0.68667006,331,0.3039662073055903,328.70873973970964,1.0
1628692916231,0.60738546,330,0.31832435131073,328.68534162198836,1.0
1628692916363,0.6529694,331,0.33326194087664285,328.43547732712557,1.0
1628692916494,0.012099266,348,0.3259596367677053,328.3990204503475,1.0
1628692916630,0.26861203,327,0.32602974474430085,327.95935066158836,1.0
1628692916767,0.49658275,326,0.33841324150562285,327.5228750982375,1.0
1628692916894,0.022823215,353,0.338309579094251,326.8390721042847,1.0
1628692917029,0.35357547,327,0.3398538122574488,326.3961690736655,1.0
1628692917154,0.3216514,89,0.3324450304110845,325.95656971287025,1.0
1628692917289,0.49798426,330,0.32856935262680054,325.5203308048181,1.0
1628692917412,0.62529874,325,0.33114612102508545,325.08750658028646,1.0
1628692917541,0.069414735,2,0.332868887980779,324.63637709429764,1.0
1628692917681,0.7515764,324,0.3547559350728989,324.2077987434085,1.0
1628692917808,0.023838013,304,0.3532854050397873,323.78264018832004,1.0
1628692917954,0.016519755,348,0.3531688114007314,323.3609489009569,1.0
1628692918076,0.030714452,323,0.3508360832929611,322.94276992914484,1.0
1628692918207,0.10187167,309,0.35208641886711123,322.52814591523975,1.0
1628692918332,0.10161272,325,0.3437620391448339,322.117117118178,1.0
1628692918458,0.50658566,320,0.3397628496090571,321.7097214387637,1.0
1628692918595,0.25229388,301,0.3427161892255147,320.7460734634574,1.0
1628692918735,0.15314671,322,0.3383646845817566,320.32347728559495,1.0
1628692918858,0.14854491,318,0.34229105015595757,319.90457581793225,1.0
1628692918991,0.7698273,321,0.3497650971015294,319.4894060866868,1.0
1628692919123,0.118919045,123,0.34010765651861824,319.5719744936164,1.0
1628692919256,0.37388217,323,0.34732661545276644,319.17774158567886,1.0
1628692919385,0.7404371,319,0.3523056914409002,318.78707267202634,1.0
1628692919529,0.4096112,316,0.348282927274704,318.46535043593076,1.0
1628692919664,0.45738608,319,0.3480555941661199,317.4824753618077,1.0
1628692919803,0.033005863,311,0.3272484441598256,317.37978946259807,1.0
1628692919926,0.80616194,314,0.34703338940938316,316.9870050644362,1.0
1628692920066,0.084147125,357,0.3269492914279302,315.9980027063318,1.0
1628692920210,0.049402267,205,0.30834985176722207,315.5906079061415,1.0
1628692920338,0.12365222,317,0.2907059450944265,315.18680540417995,1.0
1628692920469,0.13555813,118,0.29482124050458275,314.78662430840905,1.0
1628692920603,0.116874695,309,0.28976332942644756,314.39009163409594,1.0
1628692920726,0.1911147,358,0.2795810610055923,313.997232340698,1.0
1628692920875,0.08855638,1,0.2817721664905548,313.6080693706222,1.0
1628692921003,0.5894194,316,0.2896336317062378,313.2226236896925,1.0
1628692921138,0.12055895,309,0.2829305499792099,312.8409143291592,1.0
1628692921278,0.014170796,301,0.2668034344911575,312.46295842908927,1.0
1628692921401,0.17488405,308,0.2517896115779877,312.08877128298053,1.0
1628692921526,0.41356704,306,0.2632613549629847,311.71836638344615,1.0
1628692921664,0.30466604,304,0.24836434225241344,309.2627327132529,1.0
1628692921796,0.7885475,312,0.2738546590010325,308.8180734766979,1.0
1628692921943,0.2884518,324,0.2829190601905187,308.377445999708,1.0
1628692922075,0.77005637,312,0.307563790678978,307.9408771019558,1.0
1628692922216,0.7180177,312,0.32810199161370596,307.5083910418319,1.0
1628692922348,0.11266315,311,0.32847033937772113,308.6902536051121,1.0
1628692922486,0.24119961,142,0.319624137878418,308.3177142800091,1.0
1628692922608,0.024799794,306,0.3120410015185674,307.948799681282,1.0
1628692922738,0.097365975,234,0.3101816435654958,307.583520627607,1.0
1628692922861,0.01799491,301,0.305829976995786,307.22188637543127,1.0
1628692922987,0.48529842,307,0.29634568095207214,306.86390466260497,1.0
1628692923121,0.020739436,116,0.2930730273326238,306.50958175244403,1.0
1628692923247,0.0077451468,8,0.2808684597412745,306.1589224781143,1.0
1628692923375,0.038148105,309,0.2574588268995285,305.8119302872333,1.0
1628692923510,0.44098094,304,0.2585044850905736,305.46860728659044,1.0
1628692923638,0.37618697,235,0.2557978481054306,304.47986666222016,1.0
1628692923772,0.3953764,303,0.2678768664598465,304.114631594981,1.0
1628692923894,0.18837416,0,0.24728394051392874,303.7529673172382,1.0
1628692924033,0.022741884,241,0.24523709913094838,303.3948794884467,1.0
1628692924155,0.24853876,355,0.2518749823172887,303.0403723913952,1.0
1628692924287,0.5016957,352,0.26447643140951793,302.68944897522914,1.0
1628692924421,0.48572186,357,0.2761485556761424,322.0051403623316,1.0
1628692924558,0.034582466,201,0.2734054813782374,333.6544297274186,1.0
1628692924690,0.68537414,305,0.2898807962735494,334.4140948168855,1.0
1628692924836,0.6317889,303,0.3079885472853979,335.1779269056526,1.0
1628692924971,0.113654256,299,0.29212970832983653,326.3547194494515,1.0
1628692925110,0.3511168,297,0.2998149702946345,326.7747489999649,1.0
1628692925239,0.5229383,118,0.31677388747533164,319.2654550767996,1.0
1628692925378,0.82611585,303,0.33848161399364474,319.3783000802915,1.0
1628692925510,0.43002328,300,0.33903015553951266,319.4949345268457,1.0
1628692925641,0.015513569,284,0.329391739765803,314.45888892281016,1.0
1628692925779,0.40571165,117,0.3166305442651113,314.3680581729625,1.0
1628692925909,0.045327395,298,0.30852639774481455,314.2799118885304,1.0
1628692926039,0.244472,353,0.2910069187482198,314.19446847028485,1.0
1628692926166,0.17816481,297,0.2730118225018183,314.1117464178586,1.0
1628692926290,0.05620253,281,0.2711298018693924,314.0317643367688,1.0
1628692926417,0.22187641,233,0.27048569520314536,313.9545409454306,1.0
1628692926553,0.18808073,300,0.27592839300632477,313.88009508215777,1.0
1628692926678,0.10841665,296,0.27629674871762594,313.80844571214334,1.0
1628692926799,0.4354371,119,0.2902114888032277,313.739611934415,1.0
1628692926929,0.01349175,33,0.27448459963003796,313.67361298875954,1.0
1628692927056,0.5061619,332,0.2906653493642807,313.61046826260946,1.0
1628692927180,0.1697303,293,0.29606485466162363,313.55019729788603,1.0
1628692927313,0.61001647,291,0.3151271333297094,313.49281979779204,1.0
1628692927440,0.07322854,304,0.30286871989568076,302.7339450891497,1.0
1628692927585,0.06954646,354,0.2926473697026571,302.28632640238135,1.0
1628692927709,0.056810826,309,0.2813618501027425,301.841763436066,1.0
1628692927840,0.0028410554,157,0.275177413225174,301.40029277159084,1.0
1628692927963,0.0038511455,245,0.27454772194226584,300.96194900654723,1.0
1628692928091,0.009156644,301,0.2665683180093765,300.52676477515183,1.0
1628692928219,0.037691087,287,0.2511014978090922,300.0947707709928,1.0
1628692928340,0.052672863,303,0.23666653136412302,299.6659957719613,1.0
1628692928472,0.022989005,302,0.2362800826629003,299.24046666723126,1.0
1628692928593,0.16152093,312,0.21881830890973408,298.81820848614683,0.0
1628692928726,0.40936702,310,0.21140424609184266,298.39924442888054,0.0
1628692928852,0.41294324,173,0.22138054569562277,304.0844845310453,1.0
1628692928988,0.13913146,299,0.21431436737378437,303.8809222535944,0.0
1628692929121,0.013937771,54,0.1973476827144623,303.68070101300776,0.0
1628692929246,0.21969831,300,0.17713376482327778,303.48380787199926,0.0
1628692929369,1.2841422e-05,275,0.16280008344513894,303.29022969747405,0.0
1628692929493,0.009826541,297,0.16261051583948452,303.09995318044025,0.0
1628692929612,0.04077196,291,0.15044585951827685,302.91296485529705,0.0
1628692929734,0.028668255,306,0.1498905548320484,302.72925111850685,0.0
1628692929858,0.76352453,287,0.16719230600856463,302.54879824665824,0.0
1628692929985,0.2574676,309,0.16983573226792334,302.3715924139289,0.0
1628692930116,0.16632774,301,0.1735065727299722,302.1976197089563,0.0
1628692930242,0.08747327,297,0.16902646808487892,302.0268661511261,0.0
1628692930365,0.38860428,11,0.17571058659417152,301.8593177062879,0.0
1628692930490,0.009834707,62,0.17242452192964872,301.6949603019092,0.0
1628692930617,0.7211482,288,0.18194822459084511,301.5337798416764,0.0
1628692930746,0.08724773,281,0.18440675724211056,301.3757622195562,0.0
1628692930873,0.2132797,292,0.17464401611350694,301.2208933333267,0.0
1628692930994,0.05328837,350,0.17076261827014605,301.06915909759033,0.0
1628692931121,0.17919922,286,0.15640204338891028,300.9205454562799,0.0
1628692931245,0.50220406,290,0.17070122747284888,300.77503839467,0.0
1628692931367,0.05026701,200,0.17005857913357733,293.53908221445397,0.0
1628692931496,0.1402373,4,0.17283946165107408,293.2198509773652,0.0
1628692931621,0.01620546,250,0.17328494179907164,292.9045038652977,0.0
1628692931743,0.15125498,24,0.17819840300741513,292.59301926324537,0.0
1628692931869,0.113717705,292,0.1816837716963164,292.2853749242148,0.0
1628692931991,0.15769774,285,0.18568399338585853,291.9815480137794,0.0
1628692932113,0.06852698,1,0.18621246406100908,291.68151515326224,0.0
1628692932233,0.1371814,285,0.19001887727442104,291.3852524615486,0.0
1628692932358,0.65961194,283,0.20662191101573626,291.09273559553293,0.0
1628692932486,0.29527277,284,0.20281876910391172,286.52937456563654,0.0
1628692932613,0.18422583,164,0.1951948552197488,286.13320586245214,0.0
1628692932740,0.008092403,232,0.19082688677969298,285.74137065039025,0.0
1628692932861,0.40390503,281,0.20382579553785643,285.3538465048217,0.0
1628692932988,0.086776495,289,0.1993950683739058,284.97060979398987,0.0
1628692933123,0.6437086,295,0.22085159321626027,284.5916357505224,1.0
1628692933263,0.112472,177,0.2242731084426244,284.2168985410452,1.0
1628692933396,0.05935657,123,0.22489259541034698,283.84637133385996,1.0
1628692933530,0.04901761,288,0.22557090719540915,283.4800263646547,1.0
1628692933655,0.6877121,281,0.22304382522900898,283.1178350002248,1.0
1628692933782,0.18600857,275,0.22066185772418975,282.75976780019073,1.0
1628692933923,0.8019251,273,0.2418484369913737,282.40579457670356,1.0
1628692934057,0.38960847,278,0.25191961030165355,277.1273402090285,1.0
1628692934196,0.16806895,9,0.24456843237082163,276.9819113416338,1.0
1628692934333,0.07819837,270,0.24684722125530242,276.5051042879766,1.0
1628692934461,0.623221,274,0.24358298083146412,276.03281718875627,1.0
1628692934589,0.5360488,307,0.2585430175065994,274.9576189829506,1.0
1628692934721,0.035773993,181,0.2526261607805888,274.4740374687074,1.0
1628692934844,0.0712713,287,0.2532255917787552,273.99494801667635,1.0
1628692934975,0.03589821,272,0.24844889144102733,273.5203389217895,1.0
1628692935101,0.30011296,272,0.2417125215133031,273.050196395252,1.0
1628692935229,0.15225986,133,0.24511228303114574,272.58450466020656,1.0
1628692935364,0.17951807,19,0.24642164210478465,272.12324604603907,1.0
1628692935488,0.5167774,266,0.2631073733170827,271.6664010811665,1.0
1628692935630,0.05504015,272,0.25990021228790283,271.2139485841642,1.0
1628692935757,0.6488677,271,0.2777385463317235,270.76586575310546,1.0
1628692935897,0.61396813,266,0.2929475595553716,270.3926139047667,1.0
1628692936030,0.58695364,268,0.3102284481128057,268.6080198570373,1.0
1628692936168,0.2009204,239,0.31235308150450386,267.9835872286607,1.0
1628692936306,0.11649001,264,0.2942490170399348,267.4962086231549,1.0
1628692936428,0.26824656,271,0.29334814349810284,267.012594478239,1.0
1628692936557,0.78737915,268,0.3134532541036606,266.5327400776637,1.0
1628692936695,0.09973773,2,0.3165080984433492,266.4321715675377,1.0
1628692936823,0.06243968,174,0.3051259199778239,265.96944978151373,1.0
1628692936954,0.19043526,139,0.3085812121629715,265.51016293260335,1.0
1628692937080,0.59481245,236,0.3069513410329819,265.0543018999767,1.0
1628692937209,0.09336984,67,0.3063146024942398,264.60185617724824,1.0
1628692937343,0.03975281,20,0.3056611438592275,264.15281392773124,1.0
1628692937471,0.18808219,231,0.31029662986596424,263.70716203904357,1.0
1628692937606,0.02378583,180,0.28816575507322945,263.2648861769862,1.0
1628692937727,0.03287664,301,0.2830613573392232,262.82597083862305,1.0
1628692937862,0.009251535,270,0.25663890441258747,262.3903994044973,1.0
1628692937987,0.053497076,291,0.24543519119421642,261.95815418992527,1.0
1628692938119,0.009413689,288,0.24014668265978495,261.5292164953163,1.0
1628692938242,0.10693419,239,0.24110454320907593,261.1035666554718,1.0
1628692938366,0.046063513,225,0.2218659609556198,260.6811840878232,1.0
1628692938504,0.06859565,238,0.20628418823083242,260.26204733957377,0.0
1628692938640,0.05564654,67,0.2069466064373652,259.8461341337138,0.0
1628692938765,0.009367824,78,0.20488315721352895,259.43342141388473,0.0
1628692938888,0.16264161,61,0.20910793741544087,259.0238853880711,0.0
1628692939009,0.02584657,182,0.1999657243490219,258.61750157110475,0.0
1628692939131,0.05535835,158,0.19673567414283752,258.2142448259687,0.0
1628692939253,0.24427101,0,0.19889410535494487,257.814089403893,0.0
1628692939376,0.012650311,156,0.18208986918131512,257.41700898323734,0.0
1628692939497,0.015711129,299,0.18077890177567799,257.0229767071595,0.0
1628692939619,0.015362829,355,0.15966207186381023,256.6319652200712,0.0
1628692939741,0.110254824,355,0.14287162820498148,256.24394670288575,0.0
1628692939865,0.019632697,303,0.12396093010902405,255.85889290706464,0.0
1628692939998,0.031345397,285,0.11830842991669972,255.47677518747338,0.0
1628692940123,0.107905656,183,0.11802228490511577,255.09756453405683,0.0
1628692940246,0.0019206405,7,0.10914475421110789,254.72123160234918,0.0
1628692940366,0.028560013,0,0.08385078310966491,254.347746742833,0.0
1628692940489,0.0040703714,183,0.08066187103589376,253.97708002916522,0.0
1628692940613,0.037323743,180,0.07982467313607534,253.60920128528767,0.0
1628692940740,0.10312557,306,0.07691435019175212,253.24408011144308,0.0
1628692940868,0.04689306,4,0.05865037043889364,252.88168590911602,0.0
1628692940991,0.04043579,113,0.056885902086893717,252.52198790492176,0.0
1628692941117,0.10997948,298,0.059226791063944496,252.16495517346527,0.0
1628692941241,0.004083872,300,0.0530935138463974,251.81055665919337,0.0
1628692941367,0.01308611,301,0.05273685654004415,251.45876119726455,0.0
1628692941495,0.34456742,358,0.06312654912471771,251.10953753346027,0.0
1628692941624,0.0038140416,110,0.06294529934724172,250.76285434316293,0.0
1628692941749,0.017922103,285,0.06175946692625681,250.41868024942517,0.0
1628692941877,0.02560693,2,0.062299241622289024,250.07698384015563,0.0
1628692942005,0.025953293,250,0.059599878390630086,249.73773368444697,0.0
1628692942129,0.08827081,302,0.0610067884127299,249.40089834807048,0.0
1628692942247,0.025919795,309,0.05958425998687744,249.06644640816353,0.0
1628692942375,0.007959127,19,0.05799467960993449,248.73434646713395,0.0
1628692942499,0.007509619,246,0.05793273945649465,248.404567165807,0.0
1628692942622,0.03294882,239,0.05360964636007945,248.07707719583948,0.0
1628692942756,0.051634878,174,0.05446925659974416,247.75184531142494,0.0
1628692942888,0.03582242,242,0.05381805896759033,247.4288403403147,0.0
1628692943016,0.046090662,303,0.04721204737822215,247.10803119417804,0.0
1628692943149,0.010018617,242,0.04712432424227397,246.78938687832516,0.0
1628692943278,0.12788019,0,0.050863292813301084,246.4728765008157,0.0
1628692943411,0.082613915,4,0.05310499568780263,246.1584692809754,0.0
1628692943545,0.12397137,300,0.05356221397717794,245.84613455734308,0.0
1628692943673,0.02043283,300,0.053588885068893435,245.53584179506925,0.0
1628692943806,0.023149312,303,0.0533156822125117,245.22756059278794,0.0
1628692943939,0.008207321,45,0.049992404381434125,244.9212606889816,0.0
1628692944074,0.053353548,5,0.0517068346341451,244.61691196785995,0.0
1628692944204,0.005572498,230,0.05094058414300283,244.3144844647719,0.0
1628692944335,0.053153843,181,0.05257669985294342,244.0139483711693,0.0
1628692944470,0.019058615,183,0.05196786224842072,243.71527403914195,0.0
1628692944594,0.10178518,76,0.05192318260669708,243.41843198554074,0.0
1628692944726,0.69910014,4,0.07366341849168141,243.123392895707,0.0
1628692944862,0.74102336,0,0.09701633751392365,242.83012762682523,0.0
1628692945009,0.8636292,4,0.12213799556096396,355.35105257708386,0.0
1628692945145,0.87575835,4,0.15119381149609884,0.9175540469618444,0.0
1628692945291,0.8941026,0,0.18056102693080903,3.0464951054751417,0.0
1628692945425,0.8045244,2,0.19589292705059053,3.250398798517911,0.0
1628692945577,0.9033521,359,0.22587752838929495,3.9658362975069847,1.0
1628692945724,0.8485677,0,0.2535657157500585,4.00111970367729,1.0
1628692945870,0.80168843,0,0.2794350991646449,4.25972013988871,1.0
1628692946003,0.8512353,359,0.3069444984197617,4.516677942731152,1.0
1628692946130,0.7406912,358,0.32869184414545694,4.61186914205969,1.0
1628692946262,0.63253164,359,0.34891223907470703,4.538213881568709,1.0
1628692946392,0.75654095,359,0.37386496663093566,4.63399254875982,1.0
1628692946528,0.40158844,119,0.38700092732906344,4.680885841219917,1.0
1628692946651,0.8449664,0,0.4140681803226471,5.357433840328489,1.0
1628692946793,0.9085436,359,0.442631803949674,6.01391206308404,1.0
1628692946940,0.8137083,356,0.46856133341789247,5.660381624104737,1.0
1628692947083,0.84430015,357,0.4951683163642883,4.94144530410565,1.0
1628692947226,0.8230146,358,0.5222681830326716,4.429395541705983,1.0
1628692947355,0.8408731,358,0.5460346142450968,4.08402166632858,1.0
1628692947487,0.82407534,358,0.5707499951124191,3.742647406497418,1.0
1628692947633,0.91141236,356,0.5969980279604594,3.398583616334705,1.0
1628692947769,0.8295506,357,0.6239686210950216,2.8370725475902416,1.0
1628692947908,0.85701823,353,0.6517642517884572,2.4411707445887556,1.0
1628692948039,0.8210585,354,0.6788592914740245,1.5451844942615753,1.0
1628692948182,0.35799462,354,0.6890139937400818,0.8650054151912084,1.0
1628692948319,0.7798753,348,0.7148240864276886,0.18547610127974268,1.0
1628692948461,0.64939034,350,0.7346986363331477,0.31777503215900665,1.0
1628692948594,0.81241643,344,0.7611438969771067,359.05064063652014,1.0
1628692948740,0.26511198,352,0.7665881236394246,359.1140194671254,1.0
1628692948874,0.8197352,349,0.7706092933813731,359.1784878556157,1.0
1628692949002,0.58660954,349,0.7654621660709381,357.643199977707,1.0
1628692949139,0.7700719,348,0.7623435894648234,356.3217167272377,1.0
1628692949272,0.27040458,344,0.7421651303768158,355.0430006607645,1.0
1628692949414,0.68353194,348,0.7351461092631022,354.9020415031089,1.0
1628692949553,0.7645222,345,0.7338127017021179,353.670634818499,1.0
1628692949694,0.80589086,346,0.7305639942487081,352.19098660767116,1.0
1628692949827,0.7353827,339,0.7267911593119304,351.05545015522597,1.0
1628692949968,0.030260503,345,0.7010768949985504,350.7565644374397,1.0
1628692950106,0.49927288,343,0.6893448154131572,350.46141852787144,1.0
1628692950233,0.6132392,340,0.685096416870753,348.9288655506974,1.0
1628692950372,0.80937135,341,0.690991073846817,347.1622188885548,1.0
1628692950515,0.6159943,341,0.6863061845302582,345.8228797940214,1.0
1628692950655,0.65404874,341,0.6947215278943379,344.6581990188254,1.0
1628692950794,0.5790495,347,0.6858576317628224,343.6717791997362,1.0
1628692950932,0.22556767,340,0.6630917678276698,343.15559840329615,1.0
1628692951060,0.23040834,337,0.6436484356721243,342.6439741378207,1.0
1628692951194,0.5830644,338,0.6349405765533447,342.1369917807985,1.0
1628692951323,0.7957753,336,0.6340325991312663,340.8829214770615,1.0
1628692951461,0.56761456,337,0.6249239802360534,339.5393793235005,1.0
1628692951603,0.6819082,335,0.6201850752035777,338.5795857229995,1.0
1628692951741,0.758131,336,0.6150756975015005,337.4365457165355,1.0
1628692951878,0.7573408,338,0.6126687029997507,336.6077423434856,1.0
1628692952019,0.699513,331,0.6074185291926066,336.1718381604743,1.0
1628692952154,0.6343907,333,0.601196269194285,335.56940475525437,1.0
1628692952296,0.82677746,334,0.6168223639329274,334.57687038368204,1.0
1628692952435,0.7647201,332,0.6163171907265981,333.87199678258787,1.0
1628692952574,0.090720505,335,0.5976948628822962,333.0308383508157,1.0
1628692952712,0.6927625,332,0.593706398208936,332.40566276138463,1.0
1628692952851,0.77489924,333,0.6106993069251379,331.72989547186137,1.0
1628692952997,0.82367396,332,0.6108305980761846,331.29068323185464,1.0
1628692953133,0.60533917,331,0.6114549189805984,330.7684508838949,1.0
1628692953274,0.7128341,329,0.6095469921827317,330.19329961902093,1.0
1628692953407,0.83156055,329,0.628252191344897,329.4580142021623,1.0
1628692953551,0.5597412,329,0.6241258333126704,328.7991154180302,1.0
1628692953691,0.6689144,328,0.6209389060735703,328.2237337653047,1.0
1628692953819,0.7074378,328,0.617657137910525,327.6186310584263,1.0
1628692953968,0.7225874,327,0.6172306289275488,327.0947529366482,1.0
1628692954100,0.78730345,330,0.6424653937419256,326.4890266737134,1.0
1628692954241,0.8184413,328,0.6531043400367101,326.30883811280137,1.0
1628692954372,0.6777133,327,0.655253474911054,325.9622806549227,1.0
1628692954515,0.6957605,322,0.6514664461215337,325.5370155287191,1.0
1628692954647,0.7260387,321,0.6551345934470495,324.59368693479206,1.0
1628692954783,0.55089486,324,0.6516961306333542,323.6037173379247,1.0
1628692954922,0.7167084,321,0.6562847604354223,323.0461904634536,1.0
1628692955055,0.67040807,322,0.6711127738157908,322.2697356747052,1.0
1628692955195,0.34310555,310,0.6748693476120631,321.6636142786641,1.0
1628692955332,0.48436445,316,0.6715793500343958,321.093471848879,1.0
1628692955464,0.6790391,319,0.6676881442467372,320.528469014384,1.0
1628692955609,0.025361955,321,0.6496130575736364,319.72141475629314,1.0
1628692955747,0.68012017,318,0.649553456902504,319.1529239417978,1.0
1628692955882,0.70097935,317,0.6476484010616939,318.4452920924691,1.0
1628692956019,0.75239766,318,0.6474836299816767,317.64363703124735,1.0
1628692956163,0.7413285,315,0.6488774786392848,317.0940625215493,1.0
1628692956293,0.72047216,311,0.6517468601465225,316.21097655803413,1.0
1628692956438,0.7402613,315,0.6488629887501399,314.94861149065275,1.0
1628692956580,0.6602977,312,0.6453822424014409,314.31773282701545,1.0
1628692956712,0.58103126,315,0.6617259343465169,313.43273289766137,1.0
1628692956847,0.4106271,231,0.6523214211066564,313.0097991132349,1.0
1628692956972,0.68407214,314,0.6492938508590063,312.42025218541437,1.0
1628692957113,0.5892538,312,0.6414798448483149,311.8362054977513,1.0
1628692957254,0.4359289,314,0.6358328362305959,311.2833027450321,1.0
1628692957384,0.7174553,311,0.6359868764877319,311.1030248932943,1.0
1628692957516,0.4482756,310,0.6232107112805049,310.54283049057096,1.0
1628692957656,0.23239654,310,0.6122992227474848,309.90264492032617,1.0
1628692957799,0.5385901,313,0.6079550792773565,309.34931347794907,1.0
1628692957933,0.061306924,236,0.5864173829555511,309.30067124030415,1.0
1628692958063,0.48569506,236,0.5785209715366364,308.7789023254786,1.0
1628692958194,0.0012750328,235,0.5523200243711471,298.98214085124147,1.0
1628692958329,0.621745,302,0.5457634816567103,297.91336001918427,1.0
1628692958467,0.07101798,232,0.5255403051773707,296.84603891125244,1.0
1628692958606,0.31685922,233,0.512910262743632,295.7808697924308,1.0
1628692958746,0.07124832,58,0.4910839170217514,294.7185361389222,1.0
1628692958884,0.32309604,306,0.48349062303702034,293.6597100044088,1.0
1628692959018,0.3613876,305,0.47164659599463143,292.60504949792573,1.0
1628692959161,0.23631832,299,0.4571769376595815,294.80399077022656,1.0
1628692959296,0.5644904,302,0.4645564317703247,293.9208302916104,1.0
1628692959437,0.53069663,300,0.4661008377869924,295.0047950247804,1.0
1628692959578,0.501685,303,0.46018903454144794,295.3094821366953,1.0
1628692959709,0.7591504,299,0.4846486488978068,296.0479471300696,1.0
1628692959847,0.36967534,301,0.474300487836202,295.94798057120556,1.0
1628692959987,0.567849,303,0.46986280878384906,296.1714023330827,1.0
1628692960131,0.5693812,300,0.4637622594833374,296.63985628927713,1.0
1628692960259,0.7505175,296,0.46406855980555217,296.61150938453375,1.0
1628692960395,0.52871853,299,0.45767677227656045,296.04407408641543,1.0
1628692960523,0.29175633,297,0.4427266061306,295.91511025580604,1.0
1628692960658,0.65168995,297,0.4424396812915802,295.4504102387684,1.0
1628692960786,0.6785108,294,0.4456889986991882,295.2191477128081,1.0
1628692960914,0.79255253,297,0.45841984649499257,294.5779187643771,1.0
1628692961053,0.68841535,293,0.45856462021668754,294.42002054460755,1.0
1628692961182,0.8291007,295,0.46655951837698617,293.80659629030333,1.0
1628692961328,0.27684888,121,0.4612568507591883,293.51726972841993,1.0
1628692961449,0.14138556,120,0.44205452501773834,293.09408278713954,1.0
1628692961570,0.5668983,293,0.4460086146990458,292.67559725718036,1.0
1628692961700,0.68453026,293,0.4610797385374705,292.26179892903406,1.0
1628692961828,0.73575234,287,0.4676518142223358,291.938164450135,1.0
1628692961958,0.84286296,287,0.4937036822239558,291.5345215980741,1.0
1628692962085,0.6535459,290,0.4992987106243769,290.36851479565485,1.0
1628692962219,0.5755561,288,0.5184414128462473,289.8836147346006,1.0
1628692962352,0.67638105,289,0.520262614885966,289.16070716843853,1.0
1628692962475,0.7398914,287,0.5425583958625794,288.6825529551426,1.0
1628692962609,0.6209512,289,0.5526947945356369,288.01264761511845,1.0
1628692962734,0.0659647,12,0.5525186737378438,287.66614265245914,1.0
1628692962870,0.034594655,321,0.5429019610087077,287.22249478702105,1.0
1628692962993,0.14844134,286,0.5358037521441777,286.7831207367796,1.0
1628692963125,0.67734057,285,0.550504493713379,286.3480155443768,1.0
1628692963249,0.6917099,286,0.5547451436519623,285.70123982481186,1.0
1628692963384,0.5073144,282,0.5539657354354859,285.3271390098059,1.0
1628692963511,0.7201431,285,0.5612476706504822,284.3962392348469,1.0
1628692963643,0.44368985,286,0.5507323195536932,284.01175811813675,1.0
1628692963768,0.6104789,281,0.5587591042121252,283.86580000517614,1.0
1628692963902,0.8193002,283,0.5671408106883367,283.05280524986074,1.0
1628692964021,0.10297623,271,0.5515939791997274,282.602001410025,1.0
1628692964155,0.389736,284,0.5395679295063018,282.1577798917285,1.0
1628692964274,0.107988805,117,0.5255436052878698,281.7170053729688,1.0
1628692964402,0.044289112,195,0.5172946979602178,281.2796820144516,1.0
1628692964525,0.23561594,277,0.5034255643685659,280.84581234337185,1.0
1628692964653,0.07128596,281,0.4831847369670868,280.41539730369055,1.0
1628692964774,0.22157854,278,0.46415227055549624,279.98843630657973,1.0
1628692964907,0.14813694,281,0.4461429903904597,279.56492728092076,1.0
1628692965026,0.3182678,277,0.429115225871404,279.1448667237492,1.0
1628692965153,0.7020979,275,0.44329019288221994,278.728249750544,1.0
1628692965288,0.7851038,278,0.4647474676370621,277.3119156395842,1.0
1628692965419,0.31438845,274,0.456330473224322,277.0075480436051,1.0
1628692965545,0.70682424,275,0.4570736060539881,276.5576519323387,1.0
1628692965678,0.13633984,276,0.4370931893587112,275.7562429950792,1.0
1628692965811,0.69421244,273,0.43213817179203035,275.293752736351,1.0
1628692965934,0.82735485,273,0.4379318028688431,274.3323262972212,1.0
1628692966074,0.66147804,273,0.44079586764176687,273.5961412708885,1.0
1628692966212,0.7434685,270,0.44303211669127146,273.03438349834755,1.0
1628692966346,0.8518398,268,0.44676372905572254,272.04924540670777,1.0
1628692966493,0.80970216,270,0.4530554284652074,270.9416700947777,1.0
1628692966639,0.26359555,269,0.45964312354723613,270.2529517387708,1.0
1628692966780,0.73601836,270,0.4830239137013753,269.71303953959716,1.0
1628692966919,0.5301972,267,0.4957491089900335,269.23811251429834,1.0
1628692967054,0.47040865,265,0.4888513783613841,268.36983249167474,1.0
1628692967191,0.77594066,266,0.4916590710481008,267.3792863040534,1.0
1628692967332,0.79047126,268,0.5010976334412892,266.6300702248884,1.0
1628692967474,0.81233287,266,0.5041706264019012,266.23963637939823,1.0
1628692967604,0.49922794,265,0.5060218960046768,265.6109203343129,1.0
1628692967745,0.55242395,263,0.5040867318709691,264.98184728418533,1.0
1628692967882,0.2464335,262,0.4849911759297053,264.17529602227705,1.0
1628692968013,0.82803583,264,0.5091598292191823,263.5993144635685,1.0
1628692968157,0.62911856,263,0.5171392480532329,263.10173172279883,1.0
1628692968284,0.7786274,265,0.5394938677549362,262.5297881793738,1.0
1628692968422,0.13891843,263,0.5426481783390045,262.2626907889736,1.0
1628692968552,0.5616014,262,0.55351436038812,261.71654235227015,1.0
1628692968690,0.5295169,260,0.5687887241442998,261.24010586748614,1.0
1628692968813,0.53608537,262,0.5792722851037979,260.5401708918282,1.0
1628692968954,0.79840934,262,0.6009480317433675,260.20911140442706,1.0
1628692969083,0.28816912,257,0.5999447425206502,259.9340107483572,1.0
1628692969229,0.8305908,255,0.6042278389135997,259.4170574500735,1.0
1628692969363,0.86891323,252,0.6070214867591858,258.2852326143254,1.0
1628692969505,0.90937996,254,0.62685453693072,256.88766296887906,1.0
1628692969645,0.80637217,252,0.6301728010177612,255.87784200399403,1.0
1628692969795,0.7839254,251,0.6517589867115021,254.73458225530376,1.0
1628692969933,0.809793,254,0.6556116720040639,253.59138983892123,1.0
1628692970077,0.89176404,249,0.657758645216624,253.0190253301888,1.0
1628692970205,0.8730171,251,0.6648099462191264,251.86055444073259,1.0
1628692970348,0.8803992,249,0.6693743030230205,251.08526179984972,1.0
1628692970472,0.8752885,249,0.670155926545461,250.17727363116674,1.0
1628692970611,0.16571087,249,0.6486895501613616,249.34302326776708,1.0
1628692970756,0.6475304,248,0.6614873776833217,248.6532609316243,1.0
1628692970899,0.8229079,249,0.6643836965163549,247.875629710025,1.0
1628692971048,0.39647394,248,0.6599262545506159,247.3466688476786,1.0
1628692971176,0.7611145,246,0.669616448879242,246.74116102446584,1.0
1628692971325,0.86008435,250,0.6724212388197581,245.95092148240246,1.0
1628692971467,0.7240726,248,0.670207949479421,245.7999830493522,1.0
1628692971598,0.16097966,243,0.6484961758057276,245.4342666839051,1.0
1628692971725,0.5955849,242,0.6517080754041672,244.79969940975556,1.0
1628692971865,0.82867014,247,0.6609162817398707,243.76871861321905,1.0
1628692972007,0.20543584,228,0.6595496932665507,243.5359349292366,1.0
1628692972137,0.032976717,198,0.6330477227767308,242.9059229204709,1.0
1628692972277,0.740073,241,0.6367462048927943,242.27915761837423,1.0
1628692972409,0.73311734,239,0.6352292031049729,241.65568435190852,1.0
1628692972547,0.7783092,248,0.6565422296524048,240.59586120081576,1.0
1628692972688,0.70206016,239,0.6612241884072622,239.95397152915524,1.0
1628692972830,0.69659495,240,0.6667934576670329,239.31545414676276,1.0
1628692972961,0.6294116,239,0.6699043313662211,238.79689868280315,1.0
1628692973100,0.1590622,242,0.6485927601655325,238.21048036664737,1.0
1628692973231,0.87436366,237,0.6681325783332189,237.5810980690342,1.0
1628692973374,0.8894453,239,0.6700943956772486,236.85035720707077,1.0
1628692973514,0.77309144,240,0.6669003357489903,236.5573023534821,1.0
1628692973645,0.62920606,240,0.6575612058242162,236.4768798617597,1.0
1628692973771,0.8848263,238,0.6601763437191646,236.3962522171097,1.0
1628692973908,0.6830079,237,0.6568124264478683,236.04845741298325,1.0
1628692974036,0.034722656,235,0.6309767484664917,235.61556354884812,1.0
1628692974175,0.9093623,238,0.6315633575121562,235.08008667002358,1.0
1628692974302,0.42961174,237,0.6167831798394521,234.97641364328723,1.0
1628692974444,0.739158,237,0.6120751380920411,234.75234895304146,1.0
1628692974570,0.19300938,239,0.5893325010935465,234.52789936401842,1.0
1628692974699,0.1407845,168,0.5885016222794851,234.0353522897083,1.0
1628692974821,0.35612446,234,0.5787880917390188,233.54425507280237,1.0
1628692974956,0.6686284,237,0.5736454407374064,233.05460564188314,1.0
1628692975087,0.7287861,235,0.584722512960434,233.21530981173493,1.0
1628692975218,0.34856093,234,0.570970728000005,233.03486921002946,1.0
1628692975342,0.7464786,232,0.5671838700771332,232.58957165663156,1.0
1628692975480,0.65643156,230,0.5649291694164276,232.02392992695565,1.0
1628692975610,0.12829974,237,0.5638398389021556,231.24829048623985,1.0
1628692975748,0.219466,235,0.5513025412956873,230.78528763692236,1.0
1628692975881,0.2168527,229,0.5309086263179779,230.32316344413314,1.0
1628692976003,0.77923846,231,0.5500353803237279,229.86191011844508,1.0
1628692976144,0.75320745,228,0.574043071269989,229.6063257585303,1.0
1628692976270,0.022552103,243,0.550125707189242,228.87153807048145,1.0
1628692976411,0.5710956,229,0.5447249819835027,228.40656875535967,1.0
1628692976544,0.44900903,233,0.5337483088175455,227.9422486173145,1.0
1628692976687,0.6872615,224,0.5332550207773844,228.4818257717031,1.0
1628692976824,0.065556675,222,0.5122204114993413,228.06451687676557,1.0
1628692976953,0.010753036,227,0.49159846007823943,227.64763990352185,1.0
1628692977081,0.027715266,227,0.487220228711764,227.23117848957347,1.0
1628692977203,0.74938107,219,0.4830541421969732,226.81511621221225,1.0
1628692977345,0.5554563,223,0.47192117472489675,226.39943659563266,1.0
1628692977480,0.54842633,223,0.4644323378801346,225.0644246378223,1.0
1628692977623,0.3416192,223,0.4548461089531581,224.15790818491078,1.0
1628692977756,0.07702857,215,0.4279195179541906,223.67848417740262,1.0
1628692977896,0.009116918,317,0.4054564853509267,223.19935361353294,1.0
1628692978020,0.23687676,233,0.4121949553489685,222.72051391980338,1.0
1628692978158,0.5852538,217,0.4013913373152415,222.24196247248943,1.0
1628692978289,0.7965274,218,0.4136218587557475,221.76369660518245,1.0
1628692978430,0.58804363,215,0.40858471393585205,220.1979093156268,1.0
1628692978568,0.4509318,217,0.41718212763468426,218.43602932200085,1.0
1628692978706,0.7099605,215,0.4361546615759532,217.56417957672497,1.0
1628692978846,0.0699859,215,0.4266167094310125,216.48042144049296,1.0
1628692978990,0.8247292,215,0.43182006975015,215.86316587995697,1.0
1628692979124,0.6840408,214,0.43032855888207755,215.0947075214243,1.0
1628692979258,0.78121996,214,0.44475052654743197,214.3133311705804,1.0
1628692979396,0.36482412,98,0.4320287098487218,213.61146807090307,1.0
1628692979533,0.3542845,104,0.42195714116096494,212.97993318671885,1.0
1628692979668,0.2669472,203,0.42657872339089714,212.34947029138834,1.0
1628692979800,0.05568233,206,0.4211192677418391,211.7201385758281,1.0
1628692979937,0.698794,210,0.43718397816022236,211.09199642445907,1.0
1628692980068,0.764071,215,0.43667839566866556,210.24623586910423,1.0
1628692980204,0.17786583,116,0.4175003419319789,210.51980099263412,1.0
1628692980334,0.7267105,207,0.4409722884496053,209.92078601641597,1.0
1628692980469,0.17912057,211,0.4279064546028773,209.32271484352813,1.0
1628692980596,0.6870568,203,0.4358413795630137,208.72563067880174,1.0
1628692980735,0.26505446,210,0.42176781098047894,208.12957621606768,1.0
1628692980867,0.82266414,209,0.4470047265291214,207.5345936177147,1.0
1628692981002,0.823609,206,0.474099925160408,207.32778635414547,1.0
1628692981127,0.71264386,207,0.4969308783610662,206.45540559015745,1.0
1628692981268,0.5494771,119,0.49026741286118825,205.97760108601193,1.0
1628692981410,0.68142134,206,0.4944662481546402,205.3909564441297,1.0
1628692981543,0.54260045,202,0.494272052248319,204.80515700144858,1.0
1628692981681,0.8101437,204,0.5098895361026128,203.65157346600682,1.0
1628692981820,0.6564041,207,0.5292020529508591,203.12024251815347,1.0
1628692981950,0.7206258,204,0.5529190162817638,203.1716740656898,1.0
1628692982074,0.7876033,202,0.5712765683730443,202.74336977353894,1.0
1628692982217,0.77894706,204,0.5777330110470454,202.07696995210077,1.0
1628692982346,0.14365771,202,0.5559706886609396,201.78149635767824,1.0
1628692982485,0.6305925,202,0.557388985157013,201.2141171127324,1.0
1628692982614,0.7176738,207,0.5662803848584493,200.79570060878228,1.0
1628692982758,0.6361579,200,0.5638202965259552,201.11083269952505,1.0
1628692982899,0.7740897,198,0.5872904231150945,200.58906824758535,1.0
1628692983042,0.72716534,196,0.5840382943550746,199.68954434995635,1.0
1628692983187,0.76768434,197,0.586826412876447,198.58552496960516,1.0
1628692983329,0.7290329,195,0.5850868433713913,197.7999049141423,1.0
1628692983464,0.55203724,200,0.5913272807995479,196.82739908225102,1.0
1628692983599,0.5612958,206,0.5982276578744252,196.66654162128233,1.0
1628692983727,0.4321889,197,0.6037357141574223,196.08429410220612,1.0
1628692983855,0.6444763,192,0.6233621795972188,195.50224797999783,1.0
1628692983996,0.73786455,195,0.6246645311514537,194.35958982059105,1.0
1628692984135,0.7914977,193,0.6255787551403046,193.83933583556154,1.0
1628692984274,0.45894745,189,0.6349481423695882,193.13305173179208,1.0
1628692984397,0.74658096,195,0.6356104910373688,191.94836187380162,1.0
1628692984531,0.8541644,193,0.6581119527419408,191.30668444762753,1.0
1628692984663,0.5244231,189,0.6526908308267594,190.90278445832968,1.0
1628692984801,0.79104435,193,0.6702238271633784,190.02339938284786,1.0
1628692984932,0.8811575,191,0.672173606355985,189.81609535589305,1.0
1628692985080,0.7870755,192,0.670955823858579,189.3680935157272,1.0
1628692985213,0.22337037,188,0.6546467075745265,189.09506322589175,1.0
1628692985337,0.25897896,188,0.6449634363253911,188.4944723709678,1.0
1628692985466,0.7787337,190,0.6482071806987126,187.89389961538816,1.0
1628692985610,0.047720194,180,0.6317111720641454,187.5982698568136,1.0
1628692985743,0.12558642,311,0.6088925957679748,187.010256322511,1.0
1628692985866,0.5143809,186,0.6041584889094035,186.42220493150325,1.0
1628692986002,0.49086985,185,0.5964999566475551,185.83417336782088,1.0
1628692986141,0.2711371,187,0.5792844156424205,185.0641649604713,1.0
1628692986268,8.985613e-05,117,0.5533225090019793,184.46837718358748,1.0
1628692986405,0.24189687,178,0.5565971474560987,183.87268845984337,1.0
1628692986543,0.2893402,73,0.5452220698905876,183.27716244536794,1.0
1628692986666,0.33480144,357,0.5324596584551424,182.68186304729886,1.0
1628692986799,0.1038748,158,0.5147168895317009,182.08685437000457,1.0
1628692986926,0.103913486,234,0.49237768259772563,181.4922006608893,1.0
1628692987055,0.15280247,182,0.47323225346335673,180.89796625589332,1.0
1628692987183,0.055951715,181,0.44950783259797994,180.30421552480144,1.0
1628692987304,0.3411299,6,0.4365777334285667,179.71101281647347,1.0
1628692987442,0.44249627,70,0.43292636779078747,179.11842240411173,1.0
1628692987568,0.6740977,169,0.43668643143901137,178.5265084306787,1.0
1628692987711,0.18163344,2,0.4283345829161893,177.9353348545787,1.0
1628692987848,0.16954741,180,0.4125036200595787,177.34496539571663,1.0
1628692987973,0.69302183,174,0.4110088627251874,176.7554634820434,1.0
1628692988112,0.54273885,174,0.40271690097579266,176.16689219669865,1.0
1628692988244,0.25947523,173,0.39606782701739573,174.60886647394096,1.0
1628692988378,0.40542835,177,0.38469607340424167,173.97260627687476,1.0
1628692988510,0.6665276,175,0.37844151364891637,174.38290231172428,1.0
1628692988652,0.55600166,170,0.37949413167564977,173.9683469483874,1.0
1628692988792,0.73652744,173,0.37767690129209464,172.43902139191687,1.0
1628692988930,0.76687753,174,0.3738675684444994,171.918558350809,1.0
1628692989070,0.8002959,173,0.37430824743836033,171.64413395979986,1.0
1628692989195,0.6319494,170,0.38792754915484695,171.24163556694242,1.0
1628692989325,0.61037195,172,0.3996406486345222,170.43225055566452,1.0
1628692989461,0.31574655,171,0.38420774447052586,170.03800407656723,1.0
1628692989595,0.70020777,171,0.40595733033745396,169.41655770203198,1.0
1628692989739,0.07379094,214,0.404230814249604,169.0215224831537,1.0
1628692989869,0.1987505,345,0.39370980170497205,168.4081079801173,1.0
1628692989998,0.7282359,169,0.4016220033876986,167.7942073667421,1.0
1628692990139,0.5482479,165,0.41085902956256176,167.1799154827366,1.0
1628692990271,0.2310904,287,0.4185590475797653,166.1524466809291,1.0
1628692990410,0.17039394,165,0.41617561678091686,165.5192704497913,1.0
1628692990538,0.4858636,166,0.42272639671961465,164.88592204518298,1.0
1628692990674,0.546473,166,0.4297821164131165,164.48982745468868,1.0
1628692990802,0.74997836,165,0.45131890177726747,164.13090384514481,1.0
1628692990926,0.6679826,166,0.47012120485305786,163.65551116486597,1.0
1628692991066,0.81892,164,0.4923251231511434,163.41905457686713,1.0
1628692991194,0.64022076,160,0.511800758043925,162.94229545236288,1.0
1628692991341,0.6515212,165,0.5221471349398296,161.89789097690814,1.0
1628692991484,0.66548574,164,0.5295801172653835,161.72240437827924,1.0
1628692991611,0.75904876,161,0.5324118187030157,161.43204442605355,1.0
1628692991738,0.48607218,161,0.5425597767035166,160.7666634159466,1.0
1628692991879,0.6685733,160,0.559193973739942,160.22675369323193,1.0
1628692992006,0.11134145,283,0.539804627497991,159.61411297501397,1.0
1628692992141,0.34764156,160,0.533301384250323,159.02595021681364,1.0
1628692992272,0.85783184,161,0.55324660440286,158.43672839382515,1.0
1628692992414,0.78869,160,0.5660219917694728,158.21450613678357,1.0
1628692992544,0.8520994,159,0.5722077180941899,157.90227828471205,1.0
1628692992684,0.63563454,163,0.5748621473709742,157.47784254082157,1.0
1628692992811,0.7992979,160,0.5769544969002406,157.67217298365713,1.0
1628692992941,0.8009223,156,0.5780893216530482,157.48528716799873,1.0
1628692993077,0.8440887,157,0.5795490811268489,156.78982578477783,1.0
1628692993228,0.7755035,155,0.5843342175086339,156.3024040669735,1.0
1628692993368,0.8586389,154,0.5926097820202509,155.60664231957819,1.0
1628692993522,0.83539224,153,0.6099313050508499,154.9107759564577,1.0
1628692993679,0.71357703,152,0.6103769471247991,154.13247428714118,1.0
1628692993819,0.49004626,154,0.6242521246274312,153.29983512626262,1.0
1628692993966,0.8892947,151,0.647270264228185,152.79205624356382,1.0
1628692994133,0.8542993,149,0.6514723777770997,152.02054771551636,1.0
1628692994314,0.00013825297,119,0.6332020570834478,151.11259384024632,1.0
1628692994495,0.8540353,147,0.6539668877919514,150.51725904332997,1.0
1628692994665,0.77027357,148,0.6739628752072652,149.92104490755057,1.0
1628692994806,0.7373994,150,0.6823474019765854,149.04450439557414,1.0
1628692994941,0.727366,146,0.6883771667877833,148.56555776710488,1.0
1628692995091,0.25083226,0,0.6717389633258184,147.6031228380842,1.0
1628692995239,0.27362335,0,0.6585936556259792,146.9766317601366,1.0
1628692995395,0.59075254,23,0.6509880731503169,146.34970012129665,1.0
